{
    "0": {
        "precision": 0.8871584789718854,
        "recall": 0.6443032568585015,
        "f1-score": 0.7464751929192519,
        "support": 208391.0
    },
    "1": {
        "precision": 0.32230724923887105,
        "recall": 0.6736542393609907,
        "f1-score": 0.43600811338956635,
        "support": 52331.0
    },
    "accuracy": 0.6501944599995397,
    "macro avg": {
        "precision": 0.6047328641053782,
        "recall": 0.6589787481097461,
        "f1-score": 0.5912416531544091,
        "support": 260722.0
    },
    "weighted avg": {
        "precision": 0.7737839662604212,
        "recall": 0.6501944599995397,
        "f1-score": 0.6841595742186131,
        "support": 260722.0
    }
}