{
    "0": {
        "precision": 0.8873135166934369,
        "recall": 0.6441688940501269,
        "f1-score": 0.7464398712181451,
        "support": 208391.0
    },
    "1": {
        "precision": 0.3224105633481062,
        "recall": 0.6742275133286197,
        "f1-score": 0.43622269203664554,
        "support": 52331.0
    },
    "accuracy": 0.6502021310054388,
    "macro avg": {
        "precision": 0.6048620400207716,
        "recall": 0.6591982036893733,
        "f1-score": 0.5913312816273953,
        "support": 260722.0
    },
    "weighted avg": {
        "precision": 0.7739286222406693,
        "recall": 0.6502021310054388,
        "f1-score": 0.6841744114420347,
        "support": 260722.0
    }
}