{
    "accuracy": 0.6502021310054388,
    "precision_default": 0.3224105633481062,
    "recall_default": 0.6742275133286197,
    "f1_default": 0.43622269203664554,
    "roc_auc": 0.7204864071412578
}