{
    "accuracy": 0.6501944599995397,
    "precision_default": 0.32230724923887105,
    "recall_default": 0.6736542393609907,
    "f1_default": 0.43600811338956635,
    "roc_auc": 0.7203775806555357
}